id;nombre;apellido;tipo_documento;identificacion;correo;telefono
1;system Triple-buffered;Cotton;Pasaporte;Handmade Wooden Cheese Fresh;input Naira;Markets
2;Glen Refined;Mandatory Assistant;Cedula_Extranjeria;Incredible Fresh Car Tuvalu;Senior Optional Yemeni Rial;Central African Republic
3;magenta heuristic;Credit Card Account Maryland Legacy;Otro;Brand Regional Court;B2B Mouse;Junctions one-to-one
4;analyzing holistic;Architect;Cedula_Extranjeria;Pound Sterling Keyboard;Licensed Usability models;Personal Loan Account markets
5;SCSI Aruba Chair;drive online;Cedula;Assistant generating;Practical Steel Shirt Plastic Movies;SMS
6;Zimbabwe parse Customer;input Accounts;Cedula_Extranjeria;Response;white SMTP;Checking Account global Steel
7;Borders Springs connecting;SAS;Otro;engage Granite Grocery;bluetooth payment digital;Rubber Industrial seamless
8;withdrawal Jamaica;International;Otro;empower Home Loan Account SMS;back-end Via indexing;Business-focused Canyon Orchestrator
9;frictionless orchid;Future-proofed Awesome;Otro;Shirt Metal;Mouse Rupiah;Human Mission
10;Officer Savings Account Automated;Pants even-keeled Chair;Otro;Island cyan;Granite open architecture;Ergonomic Soft Shoes
