id;biografia;foto_1;foto_1_content_type;foto_2;foto_2_content_type;fot_3;fot_3_content_type;conocimientos_que_domina;temas_de_interes;facebook;instagram;id_google;twiter
1;../data/blob/hipster.txt;../data/blob/hipster.png;image/png;../data/blob/hipster.png;image/png;../data/blob/hipster.png;image/png;program alarm;Nevada;Berkshire;dedicated Persevering;Coordinator Cambridgeshire Investor;cross-platform Borders
2;../data/blob/hipster.txt;../data/blob/hipster.png;image/png;../data/blob/hipster.png;image/png;../data/blob/hipster.png;image/png;Libyan Dinar CSS;sensor;Alaska;deposit Chips Applications;uniform PCI back up;Tactics architectures Planner
3;../data/blob/hipster.txt;../data/blob/hipster.png;image/png;../data/blob/hipster.png;image/png;../data/blob/hipster.png;image/png;Facilitator Incredible functionalities;compressing;Bedfordshire;Maryland Configuration;Intranet Ergonomic Concrete Soap Zambian Kwacha;Concrete Bedfordshire
4;../data/blob/hipster.txt;../data/blob/hipster.png;image/png;../data/blob/hipster.png;image/png;../data/blob/hipster.png;image/png;portal calculating Metal;real-time discrete redundant;Synergistic Personal Loan Account Sleek;Borders;olive Handcrafted Cotton Bacon Unbranded Fresh Pants;incubate
5;../data/blob/hipster.txt;../data/blob/hipster.png;image/png;../data/blob/hipster.png;image/png;../data/blob/hipster.png;image/png;interfaces;Garden Dale Wallis and Futuna;generating;Computers Small Fresh Gloves back-end;interface;compress lavender Investment Account
6;../data/blob/hipster.txt;../data/blob/hipster.png;image/png;../data/blob/hipster.png;image/png;../data/blob/hipster.png;image/png;backing up;Iran;Philippine Peso Metal;Strategist;card Licensed Cotton Ball;mindshare Gorgeous
7;../data/blob/hipster.txt;../data/blob/hipster.png;image/png;../data/blob/hipster.png;image/png;../data/blob/hipster.png;image/png;Chips;navigating;Som Rustic Frozen Keyboard ROI;Benin;Tuna Response invoice;alarm Jamaica
8;../data/blob/hipster.txt;../data/blob/hipster.png;image/png;../data/blob/hipster.png;image/png;../data/blob/hipster.png;image/png;system Gorgeous Rubber Pants;hack;leading-edge;Ergonomic Steel Gloves;Developer Shoes Music;Buckinghamshire Hollow Shoes
9;../data/blob/hipster.txt;../data/blob/hipster.png;image/png;../data/blob/hipster.png;image/png;../data/blob/hipster.png;image/png;withdrawal Generic Frozen Tuna;Gorgeous Cotton Chair Personal Loan Account Borders;Norfolk Island Chilean Peso Unidades de fomento Checking Account;invoice Outdoors New York;multi-byte Jamaican Dollar North Carolina;Station
10;../data/blob/hipster.txt;../data/blob/hipster.png;image/png;../data/blob/hipster.png;image/png;../data/blob/hipster.png;image/png;parsing Investment Account;Branding Dynamic black;yellow;Books Generic;robust withdrawal generate;Garden open-source hybrid
